Voter||Weight||% Weight||Author||Rep||Permlink||vote_tstamp||Total Payout||Pending Payout||Curator Payout||Total Payout Value||Total Reward Shares||Ratio||Delegatee Vote Value||Vote Count||Created||Vote Date||Comments||json_metadata||depth||Word Count
walkerland||10000||100||zipporah||54||choosing-life||2018-03-03 05:05:21||14.31||0||3.422||10.888||2065856692587||6.926908362690003e-12||0||53||2018-02-09 02:45:36||2018-03-03||46||"{""tags"":[""life"",""writing"",""art"",""depression"",""ocd-resteem""]}"||0||2810
walkerland||10000||100||freedompoint||59||livin-the-dream||2018-03-03 03:13:27||2.803||2.803||0||0||517861833189||5.412640631843998e-12||0.10672951714079326||31||2018-03-03 01:19:00||2018-03-03||14||"{""tags"":[""blog"",""homesteading"",""homesteadersonline"",""walkwithme"",""life""]}"||0||457
walkerland||10000||100||goldendawne||59||someone-gets-a-snow-day-and-it-s-not-me-and-the-indoor-jungle-re-organization||2018-03-02 23:51:03||8.078||8.078||0||0||1501669978964||5.379344405335319e-12||0.10491369591293725||69||2018-03-02 16:22:27||2018-03-02||16||"{""tags"":[""homesteadersonline"",""homesteading"",""gardening"",""winterweather""]}"||0||335
walkerland||4000||40||mountainjewel||58||ecotrain-question-of-the-week-what-is-patriarchy-is-a-patriarchy-the-same-as-a-society-led-by-men-or-is-it-more-a-society-led-by||2018-03-02 23:34:03||6.023||6.023||0||0||1115657896876||5.398608316102321e-12||0.04246478611357835||39||2018-03-02 15:50:51||2018-03-02||8||"{""tags"":[""ecotrain"",""freedom"",""family"",""politics"",""activism""]}"||0||1936
walkerland||4000||40||mtnmeadowmomma||50||schooling-decisions-for-the-kiddos-and-me||2018-03-02 23:29:54||0.662||0.662||0||0||123298044118||5.369103822656309e-12||0.04281123764906015||14||2018-03-02 16:35:24||2018-03-02||9||"{""tags"":[""homeschool"",""homesteading"",""life"",""education"",""faith""]}"||0||835
walkerland||10000||100||beatitudes8||55||42vzra-take-my-sbd-please||2018-03-02 23:24:33||1.508||1.508||0||0||278026110109||5.4239510073668595e-12||0.10929030201089875||71||2018-03-02 13:32:15||2018-03-02||54||"{""tags"":[""homesteading"",""basicincome"",""giveaway"",""free"",""contest""]}"||0||53
walkerland||5000||50||freedompoint||59||a-cup-full-of-sunshine-2018-03-02-14-42-56||2018-03-02 23:21:21||2.186||2.186||0||0||406979028963||5.371284131199638e-12||0.0549826911993059||23||2018-03-02 14:42:57||2018-03-02||14||"{""tags"":[""photography"",""art"",""nature"",""food"",""photo"",""love"",""health"",""beautiful"",""beauty"",""life"",""smartphonephotography"",""steepshot""]}"||0||25
walkerland||2000||20||llfarms||51||what-s-cookin-mongolian-beef-recipe||2018-03-02 23:17:45||1.664||1.664||0||0||306929327054||5.421443483330747e-12||0.022198457246965137||24||2018-03-02 18:00:48||2018-03-02||6||"{""tags"":[""food"",""blog"",""life"",""recipes"",""homesteading""]}"||0||544
walkerland||2000||20||qberry||50||information-all-new-stemians-should-know-my-first-30-days-on-steemit-and-guide-for-success||2018-03-02 23:08:09||9.58||9.58||0||0||1766494804028||5.423169079329005e-12||0.022205522813379442||163||2018-03-02 17:50:18||2018-03-02||38||"{""tags"":[""steemit"",""guide"",""minnowsupport"",""steem"",""steem-help""]}"||0||789
walkerland||10000||100||xwalkran||50||force-your-kids-to-get-a-steemit-account||2018-03-02 16:07:21||0.182||0.182||0||0||34030603558||5.348127302232786e-12||0.10478946729334997||5||2018-03-02 14:25:00||2018-03-02||1||"{""tags"":[""steemit"",""blog"",""life"",""funny"",""ocd-resteem""]}"||0||839
walkerland||10000||100||borrowedearth||47||sixty-day-guilt-free-me-time-challenge-day-2||2018-03-02 13:28:48||1.005||1.005||0||0||181652607289||5.532538260797415e-12||0.1078071361134318||8||2018-03-01 20:05:06||2018-03-02||1||"{""tags"":[""sixtydaychallenge"",""selflove"",""happiness"",""life"",""steemitbloggers""]}"||0||238
walkerland||10000||100||phedizzle||48||freedom-challenge-3-my-entry-1519794018||2018-03-02 13:12:54||6.085||6.085||0||0||1128517228193||5.392031107707057e-12||0.10739118282192366||49||2018-02-28 16:11:30||2018-03-02||16||"{""tags"":[""freedomchallenge"",""homesteadersonline"",""earthnation"",""contest"",""life""]}"||0||2169
walkerland||1500||15||weirdheadaches||54||re-walkerland-apple-and-fig-chutney-recipe-20180301t235339703z||2018-03-02 02:26:39||0.014||0.014||0||0||2691438849||5.201678650511298e-12||0.014||1||2018-03-01 23:53:42||2018-03-02||1||"{""tags"":[""recipes""]}"||1||8
walkerland||1500||15||birdsinparadise||38||re-walkerland-apple-and-fig-chutney-recipe-20180301t231127852z||2018-03-02 02:26:33||0.015||0.015||0||0||2799096403||5.358872236027092e-12||0.015000000000000001||1||2018-03-01 23:11:30||2018-03-02||1||"{""tags"":[""recipes""]}"||1||14
walkerland||1500||15||mountainjewel||58||re-walkerland-apple-and-fig-chutney-recipe-20180301t224438294z||2018-03-02 02:26:27||0.015||0.015||0||0||2799096403||5.358872236027092e-12||0.015000000000000001||1||2018-03-01 22:44:39||2018-03-02||2||"{""tags"":[""recipes""]}"||1||19
walkerland||1500||15||mountainjewel||58||re-walkerland-re-mountainjewel-re-walkerland-apple-and-fig-chutney-recipe-20180302t010001537z||2018-03-02 02:26:21||0.015||0.015||0||0||2799096403||5.358872236027092e-12||0.015000000000000001||1||2018-03-02 01:00:03||2018-03-02||0||"{""tags"":[""recipes""]}"||3||25
walkerland||1500||15||andysantics48||48||re-walkerland-re-andysantics48-re-walkerland-apple-and-fig-chutney-recipe-20180302t012504073z||2018-03-02 02:26:06||0.015||0.015||0||0||2799096403||5.358872236027092e-12||0.015000000000000001||1||2018-03-02 01:25:03||2018-03-02||4||"{""tags"":[""recipes""]}"||3||55
walkerland||1500||15||andysantics48||48||re-walkerland-re-andysantics48-re-walkerland-re-andysantics48-re-walkerland-apple-and-fig-chutney-recipe-20180302t015155905z||2018-03-02 02:25:57||0.015||0.015||0||0||2799096403||5.358872236027092e-12||0.015000000000000001||1||2018-03-02 01:51:57||2018-03-02||2||"{""tags"":[""recipes""]}"||5||43
walkerland||1500||15||beyondordinary||51||re-walkerland-stop-wasting-food-20180302t020303493z||2018-03-02 02:23:42||0.015||0.015||0||0||2799096403||5.358872236027092e-12||0.015000000000000001||1||2018-03-02 02:03:03||2018-03-02||1||"{""tags"":[""life""]}"||1||2
walkerland||1500||15||powellx5||51||re-walkerland-stop-wasting-food-20180302t020401852z||2018-03-02 02:23:33||0.015||0.015||0||0||2799096403||5.358872236027092e-12||0.015000000000000001||1||2018-03-02 02:04:03||2018-03-02||1||"{""tags"":[""life""]}"||1||80
walkerland||10000||100||xwalkran||50||bacon-short-story||2018-03-02 01:26:12||0.105||0.105||0||0||18953294850||5.539933865377502e-12||0.10317992115787719||2||2018-03-02 01:15:06||2018-03-02||0||"{""tags"":[""writing"",""story"",""short-story"",""fiction"",""ocd-resteem""]}"||0||813
walkerland||10000||100||xwalkran||50||the-box-factory-short-story||2018-03-01 23:10:27||0.169||0.169||0||0||30528617971||5.535789407844728e-12||0.10250676209698377||5||2018-03-01 23:06:57||2018-03-01||1||"{""tags"":[""writing"",""story"",""short-story"",""fiction"",""ocd-resteem""]}"||0||1196
walkerland||5700||57||wizardave||43||welcome-to-our-lil-homestead-wizstead-1st-post||2018-03-01 22:56:51||5.872||5.872||0||0||1091042733003||5.382007342496871e-12||0.05736196085884008||46||2018-03-01 13:29:21||2018-03-01||24||"{""tags"":[""homesteading"",""wizstead"",""gardening"",""life"",""newbieresteemday""]}"||0||1132
walkerland||5700||57||hopfarmnc||48||pigs-loveing-the-rain-b508a96a2fe6a||2018-03-01 22:44:45||1.025||1.025||0||0||191345371921||5.356805809879674e-12||0.057670061069106666||13||2018-03-01 19:30:48||2018-03-01||8||"{""tags"":[""homesteading"",""permaculture"",""farming"",""animal"",""animals""]}"||0||156
walkerland||5700||57||mountainjewel||58||uhe9pcgm||2018-03-01 22:44:39||7.296||7.296||0||0||1358938878218||5.368894890671883e-12||0.05837821124752717||26||2018-03-01 20:04:00||2018-03-01||11||"{""tags"":[""homesteading"",""dtube"",""gardening"",""nature"",""freedom""]}"||0||502
walkerland||5700||57||bowentroyer||54||meet-the-farmers-cattle-herd||2018-03-01 22:44:21||6.373||6.373||0||0||1188982191230||5.360046640738279e-12||0.059436099593423344||26||2018-03-01 20:58:51||2018-03-01||18||"{""tags"":[""homesteading"",""farming"",""cattle"",""life"",""nature""]}"||0||365
walkerland||5700||57||brimwoodfarm||59||a-frozen-farm||2018-03-01 22:44:15||0.551||0.551||0||0||101400729765||5.4338859422112965e-12||0.06083988239692528||20||2018-03-01 21:37:09||2018-03-01||8||"{""tags"":[""homesteading"",""homesteadersonline"",""animals"",""farming"",""life""]}"||0||565
walkerland||5700||57||mamajeani||42||here-we-grow-again-march-update||2018-03-01 22:42:42||0.139||0.139||0||0||25644920155||5.420176750790122e-12||0.06126991197454169||7||2018-03-01 22:01:30||2018-03-01||2||"{""tags"":[""plantphotography"",""gardening"",""homesteading"",""photography"",""growwithme""]}"||0||253
walkerland||5700||57||twinislandflames||46||skills-i-ve-learned-on-the-homestead-challenge-accepted||2018-03-01 22:39:18||0.898||0.898||0||0||167471432009||5.362108565189441e-12||0.06119077819017684||23||2018-03-01 22:06:21||2018-03-01||8||"{""tags"":[""homesteadingchallenge"",""diy"",""gardening"",""homesteading"",""livesustainably""]}"||0||570
walkerland||10000||100||beatitudes8||55||thank-you-thursdays||2018-03-01 22:30:36||1.934||1.934||0||0||360165161513||5.369758673702795e-12||0.10925997094266326||42||2018-03-01 15:47:12||2018-03-01||15||"{""tags"":[""blog"",""homesteading"",""homesteadersonline"",""community"",""life""]}"||0||431
walkerland||10000||100||qurator||63||the-daily-qurator-171-or-upvoting-at-usd0-08-usd1-26||2018-03-01 22:06:48||32.201||32.201||0||0||5937398483734||5.423419042568447e-12||0.11268730148348517||722||2018-03-01 16:45:51||2018-03-01||18||"{""tags"":[""qurator"",""curation"",""steemit"",""community"",""minnowsupport""]}"||0||2006
walkerland||10000||100||goldendawne||59||peek-a-boo-garlic-last-year-s-planting-is-sprouting-up||2018-03-01 22:05:21||3.935||3.935||0||0||729573985847||5.393558537358834e-12||0.11438949193371677||54||2018-03-01 17:55:36||2018-03-01||10||"{""tags"":[""homesteadersonline"",""homesteading"",""farming"",""gardening"",""growingislife""]}"||0||497
walkerland||10000||100||freedompoint||59||the-genius-of-steemit-or-the-way-i-see-it||2018-03-01 22:03:51||6.398||6.398||0||0||1193186963549||5.3621102102640066e-12||0.11545433389772762||27||2018-03-01 19:26:12||2018-03-01||14||"{""tags"":[""steemit"",""cryptocurrencies"",""anarchy"",""blockchain"",""steem""]}"||0||923
walkerland||10000||100||freedompoint||59||a-second-thought-or-never-a-second-thought||2018-03-01 06:17:36||4.455||4.455||0||0||817204052388||5.451514816870747e-12||0.11264183665446995||91||2018-02-28 21:40:24||2018-03-01||20||"{""tags"":[""anarchy"",""photography"",""smartphonephotography"",""nature"",""culture""]}"||0||374
walkerland||10000||100||llfarms||51||why-you-should-throw-your-toxic-deodorant-in-the-trash||2018-03-01 06:10:48||2.615||2.615||0||0||470147587247||5.562083207344347e-12||0.11732075536398909||39||2018-03-01 06:04:57||2018-03-01||27||"{""tags"":[""health"",""blog"",""life"",""homesteading"",""diy""]}"||0||1130
walkerland||3500||35||senorcoconut||51||my-entry-to-freedom-challenge-3-how-do-you-express-your-freedom||2018-03-01 06:02:18||0.371||0.371||0||0||66869769718||5.548097467129968e-12||0.04119784225574264||14||2018-03-01 02:48:24||2018-03-01||7||"{""tags"":[""homesteading"",""freedom"",""freedomchallenge"",""life"",""anarchy""]}"||0||851
walkerland||10000||100||pennsif||61||msp-waves-radio-pennsif-s-alternative-lifestyle-show-guest-list-for-friday-2-march-goldendawne-amymya-crazybgadventure||2018-03-01 05:49:36||7.874||7.874||0||0||1458252827744||5.399612365011851e-12||0.11621812821429607||49||2018-03-01 04:29:36||2018-03-01||8||"{""tags"":[""mspwaves"",""msp-waves"",""homesteading"",""vegan"",""bulgaria""]}"||0||643
walkerland||2100||21||beyondordinary||51||re-walkerland-gardening-the-three-sisters-20180228t223251819z||2018-03-01 00:36:00||0.024||0.024||0||0||4410558895||5.4414872516967034e-12||0.024||1||2018-02-28 22:32:51||2018-03-01||1||"{""tags"":[""gardening""]}"||1||168
walkerland||10000||100||goldendawne||59||plant-rotation-in-your-garden-why-it-s-important||2018-02-28 19:50:57||4.221||4.221||0||0||780720295372||5.4065457565551884e-12||0.11108694390455631||68||2018-02-28 15:29:27||2018-02-28||50||"{""tags"":[""homesteadersonline"",""homesteading"",""farming"",""gardening"",""steemitbloggers""]}"||0||561
walkerland||5000||50||mtnmeadowmomma||50||remembering-maggie-3||2018-02-28 13:04:36||1.432||1.432||0||0||257387607045||5.56359343186884e-12||0.0544636254073458||23||2018-02-28 04:10:09||2018-02-28||19||"{""tags"":[""dog"",""animals"",""life"",""story"",""love""]}"||0||1313
walkerland||2100||21||tonysayers33||51||re-walkerland-personal-growth-self-appreciation-and-sharing-our-true-self-20180228t003641105z||2018-02-28 03:18:06||0.031||0.031||0||0||5679940775||5.457803387043239e-12||0.020158952529042876||2||2018-02-28 00:36:39||2018-02-28||3||"{""tags"":[""life""]}"||1||59
walkerland||10000||100||xwalkran||50||quickie-ten-chess-strategies-that-apply-to-life||2018-02-28 03:09:39||0.172||0.172||0||0||30731971269||5.596777326597987e-12||0.09981751744803766||9||2018-02-28 03:00:12||2018-02-28||3||"{""tags"":[""life"",""blog"",""gaming"",""chess"",""ocd-resteem""]}"||0||467
walkerland||10000||100||ocd||71||ocd-daily-issue-200||2018-02-27 22:38:39||179.72||179.72||0||0||33332129376740||5.39179474460498e-12||0.09360338242265118||151||2018-02-27 22:01:12||2018-02-27||6||"{""tags"":[""ocd"",""curation"",""original-content""]}"||0||1262
walkerland||10000||100||xwalkran||50||the-adventures-of-cody-the-scientist-short-story||2018-02-27 22:27:24||73.184||73.184||0||0||13108079861598||5.583121309353861e-12||0.0986871468492254||231||2018-02-27 22:20:48||2018-02-27||3||"{""tags"":[""writing"",""story"",""short-story"",""fiction"",""ocd-resteem""]}"||0||1400
walkerland||10000||100||goldendawne||59||3wzju8-week-9-embracing-a-homesteading-steemian-announced-my-pick-is||2018-02-27 20:17:18||4.974||4.974||0||0||926431086794||5.368990819611834e-12||0.09490218035554311||65||2018-02-25 12:02:30||2018-02-27||13||"{""tags"":[""homesteadersonline"",""homesteading"",""gardening"",""curation"",""embracingsteemians""]}"||0||468
walkerland||10000||100||beatitudes8||55||centerwho-won-center||2018-02-27 20:01:48||1.377||1.377||0||0||249056594289||5.528863846914081e-12||0.09947323748495185||23||2018-02-26 14:42:09||2018-02-27||8||"{""tags"":[""homesteading"",""contest"",""homesteadersonline"",""gardening"",""free""]}"||0||382
walkerland||10000||100||freedompoint||58||io67vyo2||2018-02-27 19:49:03||5.162||5.162||0||0||917551978577||5.625839320847598e-12||0.10299373781452478||19||2018-02-27 13:14:51||2018-02-27||14||"{""tags"":[""dtubedaily"",""dtube"",""vlog"",""inspiration"",""dtube""]}"||0||120
walkerland||10000||100||goldendawne||59||aloe-vera-juice-can-be-used-for-treating-gerd-and-helps-boost-immune-system||2018-02-27 19:48:15||6.806||6.806||0||0||1223158733935||5.564281896679551e-12||0.1036231136260762||65||2018-02-27 17:54:15||2018-02-27||25||"{""tags"":[""homesteadersonline"",""homesteading"",""diy"",""gardening"",""health""]}"||0||452
walkerland||5100||51||qberry||50||i-received-the-prize-i-won-from-goldendawne||2018-02-27 19:48:06||2.41||2.41||0||0||442824675540||5.442334479353798e-12||0.05268018653525281||32||2018-02-27 16:52:48||2018-02-27||9||"{""tags"":[""homesteading"",""lifestyle"",""blog"",""farmlife"",""colorfulphotography""]}"||0||607
walkerland||10000||100||xwalkran||48||quickie-the-power-of-visualization||2018-02-27 19:27:18||0.219||0.219||0||0||39730151945||5.512186318923981e-12||0.10555274306930416||4||2018-02-27 17:36:39||2018-02-27||1||"{""tags"":[""life"",""blog"",""self-improvement"",""science"",""ocd-resteem""]}"||0||215
walkerland||10000||100||samiekay||29||using-innovative-ideas-to-make-money-in-crop-farming||2018-02-27 12:17:48||0.133||0||0.016||0.117||24680764694||5.388811961419205e-12||0.09865441485850422||10||2018-02-22 23:50:15||2018-02-27||4||"{""tags"":[""homesteading"",""photography"",""nigeria"",""adsactly"",""life""]}"||0||1329
walkerland||5000||50||slhomestead||58||learning-from-the-past-living-off-grid-edwardian-farm-episode-3||2018-02-27 02:25:39||8.667||8.667||0||0||1614393453029||5.368579749712545e-12||0.045188054423627264||90||2018-02-27 01:03:15||2018-02-27||9||"{""tags"":[""history"",""homesteading"",""life"",""review"",""education""]}"||0||874
walkerland||10000||100||the-hearth||36||curation-for-earth-centered-content-the-hearth-or-week-2||2018-02-27 01:03:33||3.411||3.411||0||0||614838087459||5.5478020467095085e-12||0.09336452848935281||49||2018-02-25 18:17:00||2018-02-27||16||"{""tags"":[""the-hearth"",""homesteading"",""curation"",""gardening"",""minnowsupport""]}"||0||1020
walkerland||10000||100||freedompoint||58||ebfre77i||2018-02-26 22:45:03||57.43||57.43||0||0||10321849386536||5.563925402255209e-12||0.09214684566389189||28||2018-02-26 14:11:39||2018-02-26||13||"{""tags"":[""dtubedaily"",""dtube"",""vlog"",""spirituality"",""dtube""]}"||0||221
walkerland||10000||100||freedompoint||58||custom-leather-cuff||2018-02-26 22:44:15||2.051||2.051||0||0||365797261975||5.606930978450499e-12||0.09461113985208364||23||2018-02-26 17:59:27||2018-02-26||10||"{""tags"":[""creativity"",""fashion"",""design"",""art"",""life""]}"||0||514
walkerland||10000||100||helpie||48||helpie-s-homesteading-curation-report-1-by-helpie-curator-llfarms||2018-02-26 19:06:06||8.945||8.945||0||0||1607803586035||5.563490514447253e-12||0.09271913789058736||51||2018-02-26 15:44:24||2018-02-26||24||"{""tags"":[""helpie"",""homesteading"",""minnow"",""support"",""community""]}"||0||1836
walkerland||10000||100||mericanhomestead||64||avoid-homestead-culture-shock-it-s-real||2018-02-26 18:05:24||17.14||17.14||0||0||3080354506818||5.564294616760064e-12||0.09331211713982206||104||2018-02-26 17:42:36||2018-02-26||25||"{""tags"":[""homesteading"",""health"",""food"",""nature"",""travel""]}"||0||1747
walkerland||10000||100||xwalkran||50||the-everquest-enchanter-best-class-ever||2018-02-26 16:58:39||19.792||19.792||0||0||3516388661474||5.628501825422105e-12||0.09548640709812921||23||2018-02-26 16:55:48||2018-02-26||0||"{""tags"":[""gaming"",""mmorpg"",""blog"",""pcgaming"",""ocd-resteem""]}"||0||2245
walkerland||10000||100||goldendawne||59||second-wham-bam-seed-exchange-giveaway-enter-now||2018-02-26 16:53:36||2.17||2.17||0||0||393019274351||5.521357708431377e-12||0.0953926929214346||39||2018-02-26 15:39:27||2018-02-26||5||"{""tags"":[""homesteadersonline"",""homesteading"",""giveaway"",""gardening"",""contest""]}"||0||443
walkerland||10000||100||kiaraantonoviche||59||steemit-homesteadingchallenge-9-theme-announcement-and-rules-sbd-reward-for-winner||2018-02-26 16:50:36||2.424||2.424||0||0||438804677171||5.524097909866579e-12||0.09716485539918894||33||2018-02-25 22:00:48||2018-02-26||10||"{""tags"":[""homesteadingchallenge"",""homesteading"",""homesteadersonline"",""contest"",""challenge""]}"||0||509
walkerland||10000||100||beatitudes8||55||the-sunday-resteem-on-a-monday||2018-02-26 16:47:54||1.249||1.249||0||0||223001139016||5.600868253459397e-12||0.10026398013385383||23||2018-02-26 14:04:42||2018-02-26||7||"{""tags"":[""homesteading"",""blog"",""gardening"",""lifestyle"",""food""]}"||0||302
walkerland||5000||50||qurator||63||the-daily-qurator-168-or-upvoting-at-usd0-11-usd1-46||2018-02-26 16:46:42||26.544||26.544||0||0||4931969797095||5.382028092636494e-12||0.04873335932621534||726||2018-02-26 16:02:39||2018-02-26||21||"{""tags"":[""qurator"",""curation"",""steemit"",""community"",""minnowsupport""]}"||0||2080
walkerland||5000||50||photocontests||60||photocontests-selection-201802240900063682||2018-02-26 16:40:00||8.867||0||0.221||8.646||1636082395239||5.419653695805891e-12||0.04963812240922713||146||2018-02-24 08:00:12||2018-02-26||53||"{""tags"":[""longexposurephotography"",""art"",""photography"",""contest"",""community""]}"||0||590
walkerland||5000||50||photocontests||60||photocontests-selection-201802260543532943||2018-02-26 16:22:30||12.208||12.208||0||0||2195993578928||5.5592147978681605e-12||0.0514949449208948||128||2018-02-26 04:43:54||2018-02-26||36||"{""tags"":[""foodphotography"",""art"",""photography"",""contest"",""community""]}"||0||720
walkerland||10000||100||anarcotech||61||steemit-seo||2018-02-26 15:31:57||20.48||0||4.287||16.193||3682372685378||5.561631521253179e-12||0.10361350842197932||84||2018-02-23 12:31:33||2018-02-26||24||"{""tags"":[""promo-steem"",""google"",""tutorial"",""steemit"",""blog""]}"||0||986
walkerland||10000||100||lenka-r||34||why-raising-awareness-about-renewable-energy-matters||2018-02-26 15:28:39||3.557||0||0.879||2.678||0||Infinity||NaN||0||2018-02-22 15:15:06||2018-02-26||0||"{""tags"":[""awareness"",""energy"",""security""]}"||0||421
walkerland||10000||100||lenka-r||35||how-does-geothermal-energy-work||2018-02-26 15:28:33||0.241||0||0.053||0.188||44026161417||5.474017998465378e-12||0.10596935766372584||6||2018-02-23 09:46:45||2018-02-26||2||"{""tags"":[""geothermal"",""energy"",""environment"",""nature"",""earth""]}"||0||1370
walkerland||10000||100||lenka-r||34||benefits-of-using-geothermal-power||2018-02-26 15:27:42||0.116||0.116||0||0||20692824060||5.605808064846612e-12||0.11085440661191222||3||2018-02-26 08:44:42||2018-02-26||0||"{""tags"":[""geothermal"",""energy"",""science""]}"||0||418
walkerland||10000||100||goldendawne||59||steembay-is-the-way-what-i-bid-on-and-won-so-far||2018-02-26 15:07:42||6.444||6.444||0||0||1160534571480||5.552613561336766e-12||0.11211412091678329||65||2018-02-26 14:54:03||2018-02-26||25||"{""tags"":[""steembay"",""steemit"",""homesteadersonline"",""diy"",""auction""]}"||0||506
walkerland||10000||100||goldenoakfarm||47||a-2nd-intro-or-how-i-got-started-growing-my-own-food||2018-02-26 13:58:27||0.723||0.723||0||0||134304923061||5.3832725079751574e-12||0.10981548219245289||15||2018-02-26 11:05:36||2018-02-26||14||"{""tags"":[""introduceyourself"",""health"",""kefir"",""lymedisease""]}"||0||1645
walkerland||5000||50||kiaraantonoviche||59||weekly-homesteading-newsletter-whn-issue-24||2018-02-26 03:01:57||5.08||5.08||0||0||912924696729||5.5645334365491356e-12||0.05212335985543551||35||2018-02-26 02:08:21||2018-02-26||10||"{""tags"":[""whn"",""homesteading"",""homesteadersonline"",""news"",""agriculture""]}"||0||969
walkerland||10000||100||mountainjewel||58||homestead-how-to-create-a-swale-or-berm-or-part-1||2018-02-26 02:49:30||3.689||3.689||0||0||661852415961||5.5737501458593696e-12||0.10554954599910296||36||2018-02-26 01:29:54||2018-02-26||18||"{""tags"":[""homesteading"",""gardening"",""education"",""ocd-resteem"",""tutorial""]}"||0||1152
walkerland||5100||51||daddykirbs||63||planting-the-daddykirbs-garden-types-and-varieties-planted-today-and-yesterday||2018-02-26 02:46:48||20.992||20.992||0||0||3776681416765||5.5583189799422276e-12||0.05436367467197445||34||2018-02-26 02:33:24||2018-02-26||9||"{""tags"":[""homesteading"",""gardening"",""photo"",""nature"",""contest""]}"||0||390
walkerland||2100||21||girlinchief||45||re-walkerland-re-girlinchief-re-walkerland-how-to-make-carrot-wine-20180226t015920250z||2018-02-26 02:41:57||0.022||0.022||0||0||4057907022||5.4215140664206175e-12||0.022||1||2018-02-26 01:59:21||2018-02-26||1||"{""tags"":[""food""]}"||3||33
walkerland||3000||30||slhomestead||57||re-walkerland-re-slhomestead-stop-boiling-the-vegetables-20180225t133548056z||2018-02-25 14:40:45||0.028||0.028||0||0||5197704203||5.38699373924338e-12||0.028||1||2018-02-25 13:30:18||2018-02-25||1||"{""tags"":[""food""]}"||2||51
walkerland||5000||50||borrowedearth||47||which-came-first-the-kitten-or-the-egg||2018-02-25 03:45:42||1.333||1.333||0||0||240028224684||5.553513557644774e-12||0.04278760582651429||22||2018-02-24 23:06:15||2018-02-25||24||"{""tags"":[""caturday"",""homesteading"",""homesteadersonline"",""photography"",""steemitbloggers""]}"||0||64
walkerland||10000||100||goldendawne||59||dividing-and-conquering-thinning-the-catnip-herd||2018-02-25 03:44:24||8.112||8.112||0||0||1451414918670||5.589028950752008e-12||0.08727077518773621||63||2018-02-24 13:02:36||2018-02-25||26||"{""tags"":[""homesteadersonline"",""homesteading"",""growingislife"",""gardening"",""steemitbloggers""]}"||0||458
walkerland||10000||100||beatitudes8||55||introducing-thank-you-thursdays||2018-02-25 03:43:18||3.843||0||0.785||3.058||691929676352||5.554032629820289e-12||0.08843598381086568||38||2018-02-22 15:52:54||2018-02-25||25||"{""tags"":[""homesteading"",""steemit"",""community"",""blog"",""family""]}"||0||645
walkerland||10000||100||wholesomeroots||56||how-to-care-for-day-old-quail-chicks||2018-02-25 03:43:06||0.748||0||0.15||0.598||139244950968||5.3718285280727955e-12||0.08774212577218508||18||2018-02-23 16:44:39||2018-02-25||17||"{""tags"":[""homesteading"",""animals"",""quail"",""homesteadersonline"",""thesteemengine""]}"||0||666
walkerland||10000||100||freedompoint||58||s3ggjk5y||2018-02-25 03:42:00||0.788||0.788||0||0||137948833874||5.712262857689287e-12||0.09506312460298108||20||2018-02-24 13:07:39||2018-02-25||11||"{""tags"":[""dtubedaily"",""dtube"",""vlog"",""health"",""dtube""]}"||0||100
walkerland||10000||100||freedompoint||58||into-the-wild||2018-02-25 03:41:48||19.512||19.512||0||0||3478165156304||5.60985436951879e-12||0.09508771645924376||51||2018-02-25 00:38:18||2018-02-25||21||"{""tags"":[""walkwithme"",""love"",""nature"",""beautiful"",""adventure""]}"||0||532
walkerland||10000||100||freedompoint||58||mad-as-a-wet-hen-2018-02-24-23-43-44||2018-02-25 03:41:27||0.758||0.758||0||0||136050689872||5.571452821835347e-12||0.09615383836580095||18||2018-02-24 23:43:45||2018-02-25||9||"{""tags"":[""photography"",""life"",""nature"",""photo"",""steepshot""]}"||0||22
walkerland||5000||50||camporr||46||younger-than-yesteryear-cow-puppy||2018-02-25 03:39:39||0.248||0.248||0||0||44591056353||5.5616533960697484e-12||0.04856369603485092||6||2018-02-24 22:22:09||2018-02-25||3||"{""tags"":[""yesteryear"",""contest"",""funny"",""life"",""story""]}"||0||149
walkerland||10000||100||fishyculture||57||the-day-i-accepted-aluminum||2018-02-25 03:12:54||3.61||3.61||0||0||646707527400||5.582121510961092e-12||0.09848586570565097||38||2018-02-24 16:35:09||2018-02-25||22||"{""tags"":[""conspiracy"",""inthtenow"",""truth"",""chemtrails"",""foilfashionista""]}"||0||332
walkerland||5000||50||mountainjewel||58||re-walkerland-wanting-to-start-a-blog-why-you-should-choose-steemit-as-your-blogging-platform-20180222t195706636z||2018-02-25 01:28:15||0.046||0||0.01||0.036||0||Infinity||NaN||0||2018-02-22 19:57:09||2018-02-25||2||"{""tags"":[""steemit""]}"||1||130
walkerland||5000||50||furn01||49||re-walkerland-wanting-to-start-a-blog-why-you-should-choose-steemit-as-your-blogging-platform-20180222t210158511z||2018-02-25 01:28:03||0.046||0||0.01||0.036||0||Infinity||NaN||0||2018-02-22 21:01:57||2018-02-25||1||"{""tags"":[""steemit""]}"||1||80
walkerland||5000||50||outtheshellvlog||48||re-walkerland-re-outtheshellvlog-re-walkerland-wanting-to-start-a-blog-why-you-should-choose-steemit-as-your-blogging-platform-20180223t214631814z||2018-02-25 01:27:54||0.035||0||0||0.035||8974519176||3.8999303821867505e-12||0.035||1||2018-02-23 21:46:30||2018-02-25||2||"{""tags"":[""steemit""]}"||3||180
walkerland||5000||50||canadianrenegade||59||re-walkerland-wanting-to-start-a-blog-why-you-should-choose-steemit-as-your-blogging-platform-20180225t003340791z||2018-02-25 01:27:36||0.052||0.052||0||0||9076502348||5.729079110683881e-12||0.052||1||2018-02-25 00:33:42||2018-02-25||1||"{""tags"":[""steemit""]}"||1||250
walkerland||5000||50||qberry||50||its-an-exciting-day-on-the-farm--2018-02-24-18-15-37||2018-02-24 23:38:15||1.105||1.105||0||0||198700179532||5.561142433804613e-12||0.049908579412646814||20||2018-02-24 18:15:36||2018-02-24||11||"{""tags"":[""smartphonephotography"",""life"",""blog"",""farmlife"",""sawmill"",""woodmizer"",""homesteading"",""homesteadersonline"",""steepshot""]}"||0||41
walkerland||5000||50||pennsif||61||mp7ann5q||2018-02-24 23:36:42||4.006||4.006||0||0||711725205931||5.628576825180436e-12||0.05108779076964862||52||2018-02-24 20:43:00||2018-02-24||9||"{""tags"":[""mspwaves"",""homesteading"",""unschooling"",""curation"",""dtube""]}"||0||496
walkerland||5000||50||derekfreeman||33||mullein-uses-and-benefits||2018-02-24 23:36:30||0.077||0.077||0||0||13964512818||5.513976821357378e-12||0.0506099564179583||4||2018-02-24 21:24:54||2018-02-24||0||"{""tags"":[""life"",""gardening"",""nature"",""homesteading"",""blog""]}"||0||535
walkerland||5000||50||bowentroyer||54||first-calf-of-the-year-31-days-early-but-who-is-counting||2018-02-24 23:36:15||19.955||19.955||0||0||3713526142133||5.373598902023108e-12||0.04986951637896463||80||2018-02-24 22:56:06||2018-02-24||19||"{""tags"":[""homesteading"",""farming"",""life"",""nature"",""photography""]}"||0||204
walkerland||5000||50||inamorata||41||apartment-style-homesteading-observations-and-ideas||2018-02-24 23:36:09||1.211||1.211||0||0||216362828874||5.597079712362386e-12||0.05251433099140521||9||2018-02-24 22:59:36||2018-02-24||4||"{""tags"":[""homesteading"",""life"",""inspiration"",""love"",""flowers""]}"||0||255
walkerland||5000||50||thefarmerswife||46||clean-water||2018-02-24 23:33:06||1.252||1.252||0||0||224654105430||5.573011886889869e-12||0.05285686920720877||19||2018-02-24 23:05:30||2018-02-24||22||"{""tags"":[""homesteading"",""health"",""natural"",""life"",""livesustainably""]}"||0||353
walkerland||5000||50||gardeningchef||54||garden-politunnel-update-going-through-changes||2018-02-24 23:32:30||16.88||16.88||0||0||3028574868890||5.573578574330134e-12||0.052862243917422815||15||2018-02-24 18:17:48||2018-02-24||17||"{""tags"":[""gardening"",""homesteading"",""plants""]}"||0||451
walkerland||5000||50||derekfreeman||33||deer-kisses||2018-02-24 23:30:33||0.301||0.301||0||0||53758480528||5.599116586697883e-12||0.053675473206633635||7||2018-02-24 23:12:15||2018-02-24||5||"{""tags"":[""life"",""homesteading"",""gardening"",""nature"",""blog""]}"||0||266
walkerland||5000||50||slhomestead||58||stop-boiling-the-vegetables||2018-02-24 23:05:30||11.25||11.25||0||0||2035581835620||5.526675372682062e-12||0.05354464932408493||31||2018-02-24 16:49:42||2018-02-24||35||"{""tags"":[""food"",""health"",""homesteading"",""parenting"",""vegetarian""]}"||0||1310
walkerland||5000||50||mountainjewel||58||saved-by-angels-or-falling-asleep-at-the-wheel-a-gentle-wake-up-call||2018-02-24 23:04:45||10.817||10.817||0||0||1949604253844||5.5483054977297645e-12||0.05432004445139507||77||2018-02-24 22:13:30||2018-02-24||45||"{""tags"":[""jerrybanfield"",""ecotrain"",""spirituality"",""gratitude"",""story""]}"||0||1749
walkerland||5000||50||borrowedearth||47||the-garden-shack-newsletter-week-1||2018-02-24 23:02:27||2.124||2.124||0||0||376632385276||5.6394513138946125e-12||0.05578752618119826||32||2018-02-24 22:03:39||2018-02-24||10||"{""tags"":[""gardenshack"",""homesteadersonline"",""gardening"",""homesteading"",""steemitbloggers""]}"||0||595
walkerland||5000||50||qurator||63||the-daily-qurator-166-or-upvoting-at-usd0-10-usd1-52-or-new-competition-or-temporary-sp-boost||2018-02-24 22:57:33||50.678||50.678||0||0||9398014901987||5.39241536947183e-12||0.05389369140105462||753||2018-02-24 13:31:42||2018-02-24||24||"{""tags"":[""qurator"",""curation"",""steemit"",""community"",""minnowsupport""]}"||0||1867
walkerland||5000||50||focusnow||37||younger-than-yesteryear-today-and-18-years-ago||2018-02-24 22:54:12||2.896||2.896||0||0||516513874710||5.606819374650831e-12||0.05660832149344374||21||2018-02-24 17:30:51||2018-02-24||11||"{""tags"":[""yesteryear"",""nigeria"",""funny"",""steemit"",""contest""]}"||0||103
walkerland||5000||50||llfarms||51||re-walkerland-the-homesteaders-handbook-raising-chickens-part-4-20180224t165959424z||2018-02-24 22:45:57||0.09||0.09||0||0||16183782763||5.5611225952539066e-12||0.05671409246473707||3||2018-02-24 17:00:06||2018-02-24||1||"{""tags"":[""homesteading""]}"||1||212
walkerland||5000||50||focusnow||32||re-mountainjewel-re-walkerland-younger-than-yesteryear-alien-antenna-head-bands-are-cool-20180224t212544874z||2018-02-24 22:33:12||0.058||0.058||0||0||10171016210||5.702478376052063e-12||0.058||1||2018-02-24 21:25:51||2018-02-24||1||"{""tags"":[""yesteryear""]}"||2||83
walkerland||10000||100||fishyculture||57||new-contest-flaunt-your-foil-minimum-5-sbd-in-prizes-up-for-grabs||2018-02-24 16:58:12||1.128||1.128||0||0||202453065724||5.571661737826082e-12||0.11104424924801193||36||2018-02-24 16:29:48||2018-02-24||26||"{""tags"":[""foilfashionista"",""contest"",""humor"",""life"",""conspiracy""]}"||0||456
walkerland||10000||100||beatitudes8||55||the-people-have-spoken||2018-02-23 22:16:39||1.274||0||0.238||1.036||237319984711||5.3682794626480055e-12||0.09224504322106213||25||2018-02-23 16:44:30||2018-02-23||11||"{""tags"":[""seedbox2"",""homesteading"",""gardening"",""community"",""giveaway""]}"||0||236
walkerland||10000||100||freedomtowrite||47||is-your-cup-really-half-full-a-look-into-a-false-reality||2018-02-23 21:47:51||1.707||0||0.304||1.403||317008335425||5.384716454573649e-12||0.09362248569602893||42||2018-02-23 16:38:33||2018-02-23||28||"{""tags"":[""christianity"",""faith"",""happy"",""culture"",""love""]}"||0||1374
walkerland||10000||100||goldendawne||59||fostering-a-gardener-moves-to-a-shack-and-growing-is-life||2018-02-23 21:45:03||3.03||0||0.431||2.599||564541419860||5.3671881165980805e-12||0.09550059639600948||58||2018-02-23 19:44:48||2018-02-23||22||"{""tags"":[""homesteadersonline"",""homesteading"",""gardening"",""growingislife"",""gardenshack""]}"||0||693
walkerland||10000||100||freedompoint||59||600-followers-what-it-means-to-me||2018-02-23 21:39:21||1.169||0||0.12||1.049||218484831339||5.350485856778704e-12||0.09683546457463117||27||2018-02-23 20:46:33||2018-02-23||31||"{""tags"":[""community"",""family"",""steemit"",""success"",""blog""]}"||0||433
